{
    "benchmark": "Grover's Algorithm",
    "inputs": [
        2,
        3,
        4,
        5,
        6,
        7,
        8,
        9,
        10,
        11,
        12,
        13,
        14,
        15,
        16,
        17,
        18,
        19,
        20,
        21,
        22,
        23,
        24,
        25,
        26,
        27,
        28,
        29,
        30
    ],
    "next": 21,
    "timeout": 30,
    "n_qubits": [
        2,
        3,
        4,
        5,
        6,
        7,
        8,
        9,
        10,
        11,
        12,
        13,
        14,
        15,
        16,
        17,
        18,
        19,
        20,
        21,
        22
    ],
    "time": [
        0.000125797,
        0.000202098,
        0.000306946,
        0.000460278,
        0.000748557,
        0.001043943,
        0.001576644,
        0.002473981,
        0.003857953,
        0.006132358,
        0.009338164,
        0.013985387,
        0.021346921,
        0.034112008,
        0.05747542,
        0.103078778,
        0.204055725,
        0.375504557,
        2.140309915,
        6.121859309,
        17.591091524
    ]
}