{
    "benchmark": "Grover's Algorithm",
    "inputs": [
        2,
        3,
        4,
        5,
        6,
        7,
        8,
        9,
        10,
        11,
        12,
        13,
        14,
        15,
        16,
        17,
        18,
        19,
        20,
        21,
        22,
        23,
        24,
        25,
        26,
        27,
        28,
        29,
        30
    ],
    "next": 19,
    "timeout": 30,
    "n_qubits": [
        2,
        3,
        4,
        5,
        6,
        7,
        8,
        9,
        10,
        11,
        12,
        13,
        14,
        15,
        16,
        17,
        18,
        19,
        20
    ],
    "time": [
        0.001399239,
        0.003253895,
        0.005978125,
        0.009586519,
        0.016571886,
        0.025498236,
        0.043279737,
        0.069862206,
        0.158848184,
        0.249008093,
        0.403805439,
        0.625037935,
        0.940488145,
        1.401187821,
        2.204098163,
        3.776908381,
        7.0028028,
        14.158083801,
        31.531620983
    ]
}