{
    "benchmark": "Grover's Algorithm",
    "inputs": [
        2,
        3,
        4,
        5,
        6,
        7,
        8,
        9,
        10,
        11,
        12,
        13,
        14,
        15,
        16,
        17,
        18,
        19,
        20,
        21,
        22,
        23,
        24,
        25,
        26,
        27,
        28,
        29,
        30
    ],
    "next": 20,
    "timeout": 30,
    "n_qubits": [
        2,
        3,
        4,
        5,
        6,
        7,
        8,
        9,
        10,
        11,
        12,
        13,
        14,
        15,
        16,
        17,
        18,
        19,
        20,
        21
    ],
    "time": [
        0.000210967,
        0.000392018,
        0.000669097,
        0.001057378,
        0.001690476,
        0.00260515,
        0.004147096,
        0.006467702,
        0.010267434,
        0.015527243,
        0.024071315,
        0.043494033,
        0.055424576,
        0.084158721,
        0.127874446,
        0.190698111,
        0.29550997,
        1.257512692,
        6.8649368410000005,
        20.335004642
    ]
}