{
    "benchmark": "Grover's Algorithm",
    "inputs": [
        2,
        3,
        4,
        5,
        6,
        7,
        8,
        9,
        10,
        11,
        12,
        13,
        14,
        15,
        16,
        17,
        18,
        19,
        20,
        21,
        22,
        23,
        24,
        25,
        26,
        27,
        28,
        29,
        30
    ],
    "next": 22,
    "timeout": 30,
    "n_qubits": [
        2,
        3,
        4,
        5,
        6,
        7,
        8,
        9,
        10,
        11,
        12,
        13,
        14,
        15,
        16,
        17,
        18,
        19,
        20,
        21,
        22,
        23
    ],
    "time": [
        0.000908085,
        0.000239946,
        0.00039268,
        0.000642905,
        0.001059535,
        0.001624136,
        0.002550921,
        0.00397839,
        0.090889478,
        0.018977553,
        0.028127321,
        0.041785072,
        0.06156927,
        0.09280247,
        0.146918069,
        0.200287715,
        0.307450304,
        0.571879192,
        1.193651781,
        2.78939754,
        8.461904419,
        32.42813498
    ]
}