{
    "benchmark": "Grover's Algorithm",
    "inputs": [
        2,
        3,
        4,
        5,
        6,
        7,
        8,
        9,
        10,
        11,
        12,
        13,
        14,
        15,
        16,
        17,
        18,
        19,
        20,
        21,
        22,
        23,
        24,
        25,
        26,
        27,
        28,
        29,
        30
    ],
    "next": 21,
    "timeout": 30,
    "n_qubits": [
        2,
        3,
        4,
        5,
        6,
        7,
        8,
        9,
        10,
        11,
        12,
        13,
        14,
        15,
        16,
        17,
        18,
        19,
        20,
        21,
        22
    ],
    "time": [
        0.00096906,
        0.000264275,
        0.000406803,
        0.000662964,
        0.001048572,
        0.001642263,
        0.002565927,
        0.003976112,
        0.006348283,
        0.009743141,
        0.01476935,
        0.022681776,
        0.034408824,
        0.051677575,
        0.082831262,
        0.162896646,
        0.353631146,
        0.838182218,
        2.640198462,
        11.993189037,
        34.865370042
    ]
}