{
    "benchmark": "Grover's Algorithm",
    "inputs": [
        2,
        3,
        4,
        5,
        6,
        7,
        8,
        9,
        10,
        11,
        12,
        13,
        14,
        15,
        16,
        17,
        18,
        19,
        20,
        21,
        22,
        23,
        24,
        25,
        26,
        27,
        28,
        29,
        30
    ],
    "next": 18,
    "timeout": 30,
    "n_qubits": [
        2,
        3,
        4,
        5,
        6,
        7,
        8,
        9,
        10,
        11,
        12,
        13,
        14,
        15,
        16,
        17,
        18,
        19
    ],
    "time": [
        0.001913167,
        0.004673147,
        0.008439599,
        0.013330932,
        0.029238779,
        0.034952985,
        0.058468562,
        0.095643603,
        0.159342784,
        0.25312505,
        0.398491323,
        0.628716025,
        0.987899364,
        1.558942215,
        2.90636146,
        4.023631656,
        7.602035719,
        16.319615972
    ]
}