{
    "benchmark": "Grover's Algorithm",
    "inputs": [
        2,
        3,
        4,
        5,
        6,
        7,
        8,
        9,
        10,
        11,
        12,
        13,
        14,
        15,
        16,
        17,
        18,
        19,
        20,
        21,
        22,
        23,
        24,
        25,
        26,
        27,
        28,
        29,
        30
    ],
    "next": 19,
    "timeout": 30,
    "n_qubits": [
        2,
        3,
        4,
        5,
        6,
        7,
        8,
        9,
        10,
        11,
        12,
        13,
        14,
        15,
        16,
        17,
        18,
        19,
        20
    ],
    "time": [
        0.002021016,
        0.004648837,
        0.008431524,
        0.013478732,
        0.023164023,
        0.035512549,
        0.059452475,
        0.09355965,
        0.153279397,
        0.252573207,
        0.386008728,
        0.615925609,
        0.934168155,
        1.455810325,
        2.664698152,
        3.660974846,
        5.791401656,
        10.716096619,
        21.966885003
    ]
}