{
    "benchmark": "Grover's Algorithm",
    "inputs": [
        2,
        3,
        4,
        5,
        6,
        7,
        8,
        9,
        10,
        11,
        12,
        13,
        14,
        15,
        16,
        17,
        18,
        19,
        20,
        21,
        22,
        23,
        24,
        25,
        26,
        27,
        28,
        29,
        30
    ],
    "next": 18,
    "timeout": 30,
    "n_qubits": [
        2,
        3,
        4,
        5,
        6,
        7,
        8,
        9,
        10,
        11,
        12,
        13,
        14,
        15,
        16,
        17,
        18,
        19
    ],
    "time": [
        0.000210442,
        0.00051461,
        0.000767475,
        0.001033346,
        0.001757595,
        0.002579285,
        0.004390045,
        0.006733988,
        0.01057737,
        0.016128892,
        0.025554417,
        0.039715154,
        0.077582307,
        0.162722208,
        0.200220777,
        0.352123067,
        1.015476352,
        4.764383922
    ]
}