{
    "benchmark": "Grover's Algorithm",
    "inputs": [
        2,
        3,
        4,
        5,
        6,
        7,
        8,
        9,
        10,
        11,
        12,
        13,
        14,
        15,
        16,
        17,
        18,
        19,
        20,
        21,
        22,
        23,
        24,
        25,
        26,
        27,
        28,
        29,
        30
    ],
    "next": 18,
    "timeout": 30,
    "n_qubits": [
        2,
        3,
        4,
        5,
        6,
        7,
        8,
        9,
        10,
        11,
        12,
        13,
        14,
        15,
        16,
        17,
        18,
        19
    ],
    "time": [
        0.001462906,
        0.00343989,
        0.006351212,
        0.009961134,
        0.01710219,
        0.026605237,
        0.044077633,
        0.070674531,
        0.116450365,
        0.183453731,
        0.29168902,
        0.461844849,
        0.729239829,
        1.15602685,
        1.876293221,
        3.380243782,
        7.030642271,
        16.240625485
    ]
}