{
    "benchmark": "Grover's Algorithm",
    "inputs": [
        2,
        3,
        4,
        5,
        6,
        7,
        8,
        9,
        10,
        11,
        12,
        13,
        14,
        15,
        16,
        17,
        18,
        19,
        20,
        21,
        22,
        23,
        24,
        25,
        26,
        27,
        28,
        29,
        30
    ],
    "next": 18,
    "timeout": 30,
    "n_qubits": [
        2,
        3,
        4,
        5,
        6,
        7,
        8,
        9,
        10,
        11,
        12,
        13,
        14,
        15,
        16,
        17,
        18,
        19
    ],
    "time": [
        0.001635478,
        0.003809899,
        0.007080453,
        0.011389973,
        0.019555093,
        0.029789334,
        0.050220912,
        0.0813893,
        0.134320878,
        0.214980509,
        0.354526143,
        0.534923713,
        0.781527751,
        1.171386687,
        1.721869718,
        2.854074906,
        6.313398578,
        14.176433748
    ]
}