{
    "benchmark": "Grover's Algorithm",
    "inputs": [
        2,
        3,
        4,
        5,
        6,
        7,
        8,
        9,
        10,
        11,
        12,
        13,
        14,
        15,
        16,
        17,
        18,
        19,
        20,
        21,
        22,
        23,
        24,
        25,
        26,
        27,
        28,
        29,
        30
    ],
    "next": 22,
    "timeout": 30,
    "n_qubits": [
        2,
        3,
        4,
        5,
        6,
        7,
        8,
        9,
        10,
        11,
        12,
        13,
        14,
        15,
        16,
        17,
        18,
        19,
        20,
        21,
        22,
        23
    ],
    "time": [
        0.00090452,
        0.000255994,
        0.000414797,
        0.000658477,
        0.001054368,
        0.001643156,
        0.002637797,
        0.004082678,
        0.019329837,
        0.01926584,
        0.028596583,
        0.04265673,
        0.062904095,
        0.097064365,
        0.16032793,
        0.213527728,
        0.382282967,
        0.7952855,
        1.8317828999999999,
        5.338923084,
        21.442591769,
        61.530427488
    ]
}