{
    "benchmark": "Grover's Algorithm",
    "inputs": [
        2,
        3,
        4,
        5,
        6,
        7,
        8,
        9,
        10,
        11,
        12,
        13,
        14,
        15,
        16,
        17,
        18,
        19,
        20,
        21,
        22,
        23,
        24,
        25,
        26,
        27,
        28,
        29,
        30
    ],
    "next": 20,
    "timeout": 30,
    "n_qubits": [
        2,
        3,
        4,
        5,
        6,
        7,
        8,
        9,
        10,
        11,
        12,
        13,
        14,
        15,
        16,
        17,
        18,
        19,
        20,
        21
    ],
    "time": [
        0.000283173,
        0.000499808,
        0.000860294,
        0.001393806,
        0.002290918,
        0.003465251,
        0.005801974,
        0.008947688,
        0.014193843,
        0.02140498,
        0.033736078,
        0.050638583,
        0.077936084,
        0.298565814,
        0.176270662,
        0.274270092,
        0.419771235,
        1.386890833,
        4.347174193,
        11.757408054
    ]
}