{
    "benchmark": "Grover's Algorithm",
    "inputs": [
        2,
        3,
        4,
        5,
        6,
        7,
        8,
        9,
        10,
        11,
        12,
        13,
        14,
        15,
        16,
        17,
        18,
        19,
        20,
        21,
        22,
        23,
        24,
        25,
        26,
        27,
        28,
        29,
        30
    ],
    "next": 22,
    "timeout": 30,
    "n_qubits": [
        2,
        3,
        4,
        5,
        6,
        7,
        8,
        9,
        10,
        11,
        12,
        13,
        14,
        15,
        16,
        17,
        18,
        19,
        20,
        21,
        22,
        23
    ],
    "time": [
        0.000148276,
        0.000264639,
        0.000445892,
        0.000669079,
        0.001071086,
        0.001605781,
        0.002690649,
        0.004257402,
        0.007068756,
        0.010907839,
        0.016787413,
        0.025999855,
        0.040916098,
        0.065437293,
        0.108585641,
        0.147652772,
        0.259490986,
        0.548901297,
        1.3159185500000001,
        4.2525016319999995,
        17.887318433,
        51.782079213
    ]
}