{
    "benchmark": "Grover's Algorithm",
    "inputs": [
        2,
        3,
        4,
        5,
        6,
        7,
        8,
        9,
        10,
        11,
        12,
        13,
        14,
        15,
        16,
        17,
        18,
        19,
        20,
        21,
        22,
        23,
        24,
        25,
        26,
        27,
        28,
        29,
        30
    ],
    "next": 20,
    "timeout": 30,
    "n_qubits": [
        2,
        3,
        4,
        5,
        6,
        7,
        8,
        9,
        10,
        11,
        12,
        13,
        14,
        15,
        16,
        17,
        18,
        19,
        20,
        21
    ],
    "time": [
        0.000131763,
        0.000265681,
        0.000451591,
        0.000663863,
        0.001075715,
        0.001730462,
        0.002711948,
        0.004077576,
        0.006435783,
        0.009748463,
        0.015048728,
        0.023441902,
        0.036990603,
        0.061131276,
        0.110256329,
        0.189641041,
        0.353885635,
        1.275887368,
        6.606390126,
        19.595400562
    ]
}