{
    "benchmark": "Grover's Algorithm",
    "inputs": [
        2,
        3,
        4,
        5,
        6,
        7,
        8,
        9,
        10,
        11,
        12,
        13,
        14,
        15,
        16,
        17,
        18,
        19,
        20,
        21,
        22,
        23,
        24,
        25,
        26,
        27,
        28,
        29,
        30
    ],
    "next": 22,
    "timeout": 30,
    "n_qubits": [
        2,
        3,
        4,
        5,
        6,
        7,
        8,
        9,
        10,
        11,
        12,
        13,
        14,
        15,
        16,
        17,
        18,
        19,
        20,
        21,
        22,
        23
    ],
    "time": [
        0.006387282,
        0.000269697,
        0.000437406,
        0.000677747,
        0.001071298,
        0.001669819,
        0.002675736,
        0.004147072,
        0.006557709,
        0.009984133,
        0.015452575,
        0.024145295,
        0.038644628,
        0.060948707,
        0.106338497,
        0.14484712,
        0.257387418,
        0.507255389,
        1.199858797,
        4.082917531,
        17.579984571,
        50.872650125
    ]
}