{
    "benchmark": "Grover's Algorithm",
    "inputs": [
        2,
        3,
        4,
        5,
        6,
        7,
        8,
        9,
        10,
        11,
        12,
        13,
        14,
        15,
        16,
        17,
        18,
        19,
        20,
        21,
        22,
        23,
        24,
        25,
        26,
        27,
        28,
        29,
        30
    ],
    "next": 20,
    "timeout": 30,
    "n_qubits": [
        2,
        3,
        4,
        5,
        6,
        7,
        8,
        9,
        10,
        11,
        12,
        13,
        14,
        15,
        16,
        17,
        18,
        19,
        20,
        21
    ],
    "time": [
        0.000159963,
        0.001794592,
        0.000518069,
        0.000896976,
        0.001381265,
        0.002071577,
        0.006493437,
        0.005322134,
        0.008532373,
        0.012967931,
        0.019999597,
        0.031144716,
        0.046183424,
        0.069589881,
        0.104985164,
        0.162825336,
        0.237985417,
        0.353935416,
        3.413863847,
        10.020505491
    ]
}