{
    "benchmark": "Grover's Algorithm",
    "inputs": [
        2,
        3,
        4,
        5,
        6,
        7,
        8,
        9,
        10,
        11,
        12,
        13,
        14,
        15,
        16,
        17,
        18,
        19,
        20,
        21,
        22,
        23,
        24,
        25,
        26,
        27,
        28,
        29,
        30
    ],
    "next": 18,
    "timeout": 30,
    "n_qubits": [
        2,
        3,
        4,
        5,
        6,
        7,
        8,
        9,
        10,
        11,
        12,
        13,
        14,
        15,
        16,
        17,
        18,
        19
    ],
    "time": [
        0.00165735,
        0.00396803,
        0.007219029,
        0.011512719,
        0.019999585,
        0.030973432,
        0.059756095,
        0.090833683,
        0.154288848,
        0.238060241,
        0.375199928,
        0.540472057,
        0.770768609,
        1.182207077,
        2.075155674,
        4.563984755,
        11.383027789,
        28.162363663
    ]
}