{
    "benchmark": "Grover's Algorithm",
    "inputs": [
        2,
        3,
        4,
        5,
        6,
        7,
        8,
        9,
        10,
        11,
        12,
        13,
        14,
        15,
        16,
        17,
        18,
        19,
        20,
        21,
        22,
        23,
        24,
        25,
        26,
        27,
        28,
        29,
        30
    ],
    "next": 20,
    "timeout": 30,
    "n_qubits": [
        2,
        3,
        4,
        5,
        6,
        7,
        8,
        9,
        10,
        11,
        12,
        13,
        14,
        15,
        16,
        17,
        18,
        19,
        20,
        21
    ],
    "time": [
        0.000196543,
        0.000292725,
        0.00053657,
        0.000868936,
        0.001403685,
        0.00225642,
        0.003480761,
        0.005333984,
        0.008542059,
        0.013088209,
        0.020161233,
        0.031181865,
        0.046470183,
        0.074954751,
        0.10579349,
        0.218575251,
        0.508722315,
        2.383954113,
        6.688027164,
        19.551435798
    ]
}