{
    "benchmark": "Grover's Algorithm",
    "inputs": [
        2,
        3,
        4,
        5,
        6,
        7,
        8,
        9,
        10,
        11,
        12,
        13,
        14,
        15,
        16,
        17,
        18,
        19,
        20,
        21,
        22,
        23,
        24,
        25,
        26,
        27,
        28,
        29,
        30
    ],
    "next": 19,
    "timeout": 30,
    "n_qubits": [
        2,
        3,
        4,
        5,
        6,
        7,
        8,
        9,
        10,
        11,
        12,
        13,
        14,
        15,
        16,
        17,
        18,
        19,
        20
    ],
    "time": [
        0.001377667,
        0.003246364,
        0.005939981,
        0.009544418,
        0.016502309,
        0.025333259,
        0.043206734,
        0.069813849,
        0.118654487,
        0.186903337,
        0.289688783,
        0.422996443,
        0.635339267,
        1.058606989,
        1.824279556,
        3.319893112,
        6.532655476,
        14.284406559,
        34.078324122
    ]
}