{
    "benchmark": "Grover's Algorithm",
    "inputs": [
        2,
        3,
        4,
        5,
        6,
        7,
        8,
        9,
        10,
        11,
        12,
        13,
        14,
        15,
        16,
        17,
        18,
        19,
        20,
        21,
        22,
        23,
        24,
        25,
        26,
        27,
        28,
        29,
        30
    ],
    "next": 21,
    "timeout": 30,
    "n_qubits": [
        2,
        3,
        4,
        5,
        6,
        7,
        8,
        9,
        10,
        11,
        12,
        13,
        14,
        15,
        16,
        17,
        18,
        19,
        20,
        21,
        22
    ],
    "time": [
        0.000279551,
        0.000509061,
        0.000868984,
        0.001361208,
        0.0023065,
        0.003613534,
        0.005803836,
        0.00926613,
        0.014247081,
        0.022198633,
        0.033652488,
        0.051644093,
        0.078257442,
        0.120521363,
        0.179144181,
        0.283683042,
        0.41890245,
        0.607885929,
        2.08190467,
        5.995039865,
        17.350207175
    ]
}