{
    "benchmark": "Grover's Algorithm",
    "inputs": [
        2,
        3,
        4,
        5,
        6,
        7,
        8,
        9,
        10,
        11,
        12,
        13,
        14,
        15,
        16,
        17,
        18,
        19,
        20,
        21,
        22,
        23,
        24,
        25,
        26,
        27,
        28,
        29,
        30
    ],
    "next": 20,
    "timeout": 30,
    "n_qubits": [
        2,
        3,
        4,
        5,
        6,
        7,
        8,
        9,
        10,
        11,
        12,
        13,
        14,
        15,
        16,
        17,
        18,
        19,
        20,
        21
    ],
    "time": [
        0.000137423,
        0.000201443,
        0.000333416,
        0.000450058,
        0.000777704,
        0.00113458,
        0.001804632,
        0.002744258,
        0.004336546,
        0.006771099,
        0.010217491,
        0.015368423,
        0.023205752,
        0.03433844,
        0.051522806,
        0.08059165,
        0.151235594,
        0.31490729,
        3.426182511,
        10.047001776
    ]
}