{
    "benchmark": "Grover's Algorithm",
    "inputs": [
        2,
        3,
        4,
        5,
        6,
        7,
        8,
        9,
        10,
        11,
        12,
        13,
        14,
        15,
        16,
        17,
        18,
        19,
        20,
        21,
        22,
        23,
        24,
        25,
        26,
        27,
        28,
        29,
        30
    ],
    "next": 19,
    "timeout": 30,
    "n_qubits": [
        2,
        3,
        4,
        5,
        6,
        7,
        8,
        9,
        10,
        11,
        12,
        13,
        14,
        15,
        16,
        17,
        18,
        19,
        20
    ],
    "time": [
        0.057452446,
        0.003433301,
        0.006321653,
        0.009911998,
        0.017007113,
        0.025702579,
        0.0458977,
        0.068845141,
        0.114739951,
        0.181292101,
        0.276553363,
        0.440006254,
        0.68652142,
        1.144847181,
        1.679333983,
        2.686047425,
        4.727412529,
        9.821589074,
        20.718547866
    ]
}