{
    "benchmark": "Grover's Algorithm",
    "inputs": [
        2,
        3,
        4,
        5,
        6,
        7,
        8,
        9,
        10,
        11,
        12,
        13,
        14,
        15,
        16,
        17,
        18,
        19,
        20,
        21,
        22,
        23,
        24,
        25,
        26,
        27,
        28,
        29,
        30
    ],
    "next": 21,
    "timeout": 30,
    "n_qubits": [
        2,
        3,
        4,
        5,
        6,
        7,
        8,
        9,
        10,
        11,
        12,
        13,
        14,
        15,
        16,
        17,
        18,
        19,
        20,
        21,
        22
    ],
    "time": [
        0.001395481,
        0.003276234,
        0.006011974,
        0.009625577,
        0.016675057,
        0.025529971,
        0.04281089,
        0.06832855,
        0.153914755,
        0.24125916,
        0.385343312,
        0.604965477,
        0.937250135,
        1.404249302,
        2.071302067,
        3.165530625,
        5.247141535,
        9.247599527,
        17.531785552,
        26.071044871,
        50.047667705
    ]
}