{
    "benchmark": "Grover's Algorithm",
    "inputs": [
        2,
        3,
        4,
        5,
        6,
        7,
        8,
        9,
        10,
        11,
        12,
        13,
        14,
        15,
        16,
        17,
        18,
        19,
        20,
        21,
        22,
        23,
        24,
        25,
        26,
        27,
        28,
        29,
        30
    ],
    "next": 21,
    "timeout": 30,
    "n_qubits": [
        2,
        3,
        4,
        5,
        6,
        7,
        8,
        9,
        10,
        11,
        12,
        13,
        14,
        15,
        16,
        17,
        18,
        19,
        20,
        21,
        22
    ],
    "time": [
        0.001418884,
        0.00330685,
        0.006112663,
        0.009796082,
        0.0198412,
        0.02575048,
        0.04321446,
        0.068910174,
        0.113367071,
        0.177609835,
        0.279643213,
        0.421298784,
        0.59090547,
        0.932778821,
        1.52105727,
        2.547174208,
        4.489870603,
        8.496384262,
        17.948356304,
        28.118639442,
        60.128467189
    ]
}