{
    "benchmark": "Phase Estimator",
    "inputs": [
        10,
        11,
        12,
        13,
        14,
        15,
        16,
        17,
        18,
        19,
        20,
        21,
        22,
        23,
        24,
        25,
        26,
        27,
        28,
        29,
        30,
        31,
        32,
        33,
        34,
        35,
        36,
        37,
        38,
        39,
        40,
        41,
        42,
        43,
        44
    ],
    "next": 22,
    "timeout": 30,
    "n_qubits": [
        10,
        11,
        12,
        13,
        14,
        15,
        16,
        17,
        18,
        19,
        20,
        21,
        22,
        23,
        24,
        25,
        26,
        27,
        28,
        29,
        30,
        31
    ],
    "time": [
        0.000545743,
        0.000714638,
        0.000798025,
        0.000910525,
        0.001004432,
        0.001130328,
        0.001267966,
        0.001526615,
        0.001898221,
        0.002675382,
        0.004431216,
        0.007955365,
        0.017803833,
        0.037834089,
        0.078906464,
        0.16682989,
        0.352068274,
        0.750599174,
        1.5889010749999999,
        3.386051288,
        7.156366361,
        15.15620603
    ]
}