{
    "benchmark": "Phase Estimator",
    "inputs": [
        10,
        11,
        12,
        13,
        14,
        15,
        16,
        17,
        18,
        19,
        20,
        21,
        22,
        23,
        24,
        25,
        26,
        27,
        28,
        29,
        30,
        31,
        32,
        33,
        34,
        35,
        36,
        37,
        38,
        39,
        40,
        41,
        42,
        43,
        44
    ],
    "next": 21,
    "timeout": 30,
    "n_qubits": [
        10,
        11,
        12,
        13,
        14,
        15,
        16,
        17,
        18,
        19,
        20,
        21,
        22,
        23,
        24,
        25,
        26,
        27,
        28,
        29,
        30
    ],
    "time": [
        0.005865652,
        0.006804775,
        0.007668608,
        0.008820835,
        0.009914888,
        0.011153211,
        0.012403896,
        0.014256602,
        0.017256357,
        0.021251602,
        0.028831275,
        0.044995888,
        0.077453485,
        0.133637813,
        0.209082101,
        0.423891364,
        0.805176941,
        1.4055324630000001,
        2.902390044,
        4.909897595,
        10.36434993
    ]
}