{
    "benchmark": "Phase Estimator",
    "inputs": [
        10,
        11,
        12,
        13,
        14,
        15,
        16,
        17,
        18,
        19,
        20,
        21,
        22,
        23,
        24,
        25,
        26,
        27,
        28,
        29,
        30,
        31,
        32,
        33,
        34,
        35,
        36,
        37,
        38,
        39,
        40,
        41,
        42,
        43,
        44
    ],
    "next": 21,
    "timeout": 30,
    "n_qubits": [
        10,
        11,
        12,
        13,
        14,
        15,
        16,
        17,
        18,
        19,
        20,
        21,
        22,
        23,
        24,
        25,
        26,
        27,
        28,
        29,
        30
    ],
    "time": [
        0.000661497,
        0.000969901,
        0.001206485,
        0.001352742,
        0.001488299,
        0.001647968,
        0.001856847,
        0.002636145,
        0.003736451,
        0.006094311,
        0.013581777,
        0.028420459,
        0.058406801,
        0.12280127,
        0.224790057,
        0.469737508,
        0.992075558,
        2.102672274,
        4.435276492,
        9.362332149,
        19.747318566
    ]
}