{
    "benchmark": "Phase Estimator",
    "inputs": [
        10,
        11,
        12,
        13,
        14,
        15,
        16,
        17,
        18,
        19,
        20,
        21,
        22,
        23,
        24,
        25,
        26,
        27,
        28,
        29,
        30,
        31,
        32,
        33,
        34,
        35,
        36,
        37,
        38,
        39,
        40,
        41,
        42,
        43,
        44
    ],
    "next": 20,
    "timeout": 30,
    "n_qubits": [
        10,
        11,
        12,
        13,
        14,
        15,
        16,
        17,
        18,
        19,
        20,
        21,
        22,
        23,
        24,
        25,
        26,
        27,
        28,
        29
    ],
    "time": [
        0.005914274,
        0.006950957,
        0.007994909,
        0.009182183,
        0.010362092,
        0.011883948,
        0.013593475,
        0.017150843,
        0.022735386,
        0.033650642,
        0.055961578,
        0.100607436,
        0.191119164,
        0.39148623,
        0.787388859,
        1.652893993,
        3.485184145,
        7.395213103,
        15.666428297,
        33.238464189
    ]
}