{
    "benchmark": "Phase Estimator",
    "inputs": [
        10,
        11,
        12,
        13,
        14,
        15,
        16,
        17,
        18,
        19,
        20,
        21,
        22,
        23,
        24,
        25,
        26,
        27,
        28,
        29,
        30,
        31,
        32,
        33,
        34,
        35,
        36,
        37,
        38,
        39,
        40,
        41,
        42,
        43,
        44
    ],
    "next": 20,
    "timeout": 30,
    "n_qubits": [
        10,
        11,
        12,
        13,
        14,
        15,
        16,
        17,
        18,
        19,
        20,
        21,
        22,
        23,
        24,
        25,
        26,
        27,
        28,
        29
    ],
    "time": [
        0.006502073,
        0.007535433,
        0.008640996,
        0.010978157,
        0.011208362,
        0.013021882,
        0.016006749,
        0.021874299,
        0.032628432,
        0.052222295,
        0.093921456,
        0.182404437,
        0.260844351,
        0.507902243,
        0.845504606,
        1.858179278,
        3.649290564,
        6.483192919,
        13.561570235,
        22.915866353
    ]
}