{
    "benchmark": "Phase Estimator",
    "inputs": [
        10,
        11,
        12,
        13,
        14,
        15,
        16,
        17,
        18,
        19,
        20,
        21,
        22,
        23,
        24,
        25,
        26,
        27,
        28,
        29,
        30,
        31,
        32,
        33,
        34,
        35,
        36,
        37,
        38,
        39,
        40,
        41,
        42,
        43,
        44
    ],
    "next": 18,
    "timeout": 30,
    "n_qubits": [
        10,
        11,
        12,
        13,
        14,
        15,
        16,
        17,
        18,
        19,
        20,
        21,
        22,
        23,
        24,
        25,
        26,
        27
    ],
    "time": [
        0.005798242,
        0.006695588,
        0.007618423,
        0.008732832,
        0.009837192,
        0.011080134,
        0.012719613,
        0.015607743,
        0.023402099,
        0.042639936,
        0.077832703,
        0.391134759,
        0.316460395,
        0.65873805,
        1.416890816,
        3.033421958,
        6.501041927,
        13.707821507
    ]
}