{
    "benchmark": "Phase Estimator",
    "inputs": [
        10,
        11,
        12,
        13,
        14,
        15,
        16,
        17,
        18,
        19,
        20,
        21,
        22,
        23,
        24,
        25,
        26,
        27,
        28,
        29,
        30,
        31,
        32,
        33,
        34,
        35,
        36,
        37,
        38,
        39,
        40,
        41,
        42,
        43,
        44
    ],
    "next": 22,
    "timeout": 30,
    "n_qubits": [
        10,
        11,
        12,
        13,
        14,
        15,
        16,
        17,
        18,
        19,
        20,
        21,
        22,
        23,
        24,
        25,
        26,
        27,
        28,
        29,
        30,
        31
    ],
    "time": [
        0.002245172,
        0.000844242,
        0.000926624,
        0.001022512,
        0.001139086,
        0.001267423,
        0.001402919,
        0.001570942,
        0.001752939,
        0.002388497,
        0.003726618,
        0.006619712,
        0.018811577,
        0.042538259,
        0.087837979,
        0.184453604,
        0.38763179,
        0.820318567,
        1.7284392240000002,
        3.656378944,
        7.696426578,
        16.255112525
    ]
}