{
    "benchmark": "Phase Estimator",
    "inputs": [
        10,
        11,
        12,
        13,
        14,
        15,
        16,
        17,
        18,
        19,
        20,
        21,
        22,
        23,
        24,
        25,
        26,
        27,
        28,
        29,
        30,
        31,
        32,
        33,
        34,
        35,
        36,
        37,
        38,
        39,
        40,
        41,
        42,
        43,
        44
    ],
    "next": 20,
    "timeout": 30,
    "n_qubits": [
        10,
        11,
        12,
        13,
        14,
        15,
        16,
        17,
        18,
        19,
        20,
        21,
        22,
        23,
        24,
        25,
        26,
        27,
        28,
        29
    ],
    "time": [
        0.004524905,
        0.005224199,
        0.005969614,
        0.006874165,
        0.007753511,
        0.008878613,
        0.01014644,
        0.012269415,
        0.01544672,
        0.02027723,
        0.030866082,
        0.053785333,
        0.098438678,
        0.180203457,
        0.291584667,
        0.610747683,
        1.179028918,
        2.081702703,
        4.333899755,
        7.334081046
    ]
}