{
    "benchmark": "Phase Estimator",
    "inputs": [
        10,
        11,
        12,
        13,
        14,
        15,
        16,
        17,
        18,
        19,
        20,
        21,
        22,
        23,
        24,
        25,
        26,
        27,
        28,
        29,
        30,
        31,
        32,
        33,
        34,
        35,
        36,
        37,
        38,
        39,
        40,
        41,
        42,
        43,
        44
    ],
    "next": 21,
    "timeout": 30,
    "n_qubits": [
        10,
        11,
        12,
        13,
        14,
        15,
        16,
        17,
        18,
        19,
        20,
        21,
        22,
        23,
        24,
        25,
        26,
        27,
        28,
        29,
        30
    ],
    "time": [
        0.001227502,
        0.001404023,
        0.001520643,
        0.001686757,
        0.001883776,
        0.00207856,
        0.002313563,
        0.002610315,
        0.002823258,
        0.003300971,
        0.004015447,
        0.009193283,
        0.018309057,
        0.037394413,
        0.077636544,
        0.164266706,
        0.346902807,
        0.739252995,
        1.561611198,
        3.313411178,
        6.992083119
    ]
}