{
    "benchmark": "Phase Estimator",
    "inputs": [
        10,
        11,
        12,
        13,
        14,
        15,
        16,
        17,
        18,
        19,
        20,
        21,
        22,
        23,
        24,
        25,
        26,
        27,
        28,
        29,
        30,
        31,
        32,
        33,
        34,
        35,
        36,
        37,
        38,
        39,
        40,
        41,
        42,
        43,
        44
    ],
    "next": 21,
    "timeout": 30,
    "n_qubits": [
        10,
        11,
        12,
        13,
        14,
        15,
        16,
        17,
        18,
        19,
        20,
        21,
        22,
        23,
        24,
        25,
        26,
        27,
        28,
        29,
        30
    ],
    "time": [
        0.000724692,
        0.000797684,
        0.000891036,
        0.001013868,
        0.00112959,
        0.001365634,
        0.001515757,
        0.001745372,
        0.002508094,
        0.005033298,
        0.012996319,
        0.027206949,
        0.056819261,
        0.120877937,
        0.256197467,
        0.547440912,
        1.161077278,
        2.476657353,
        5.245084111,
        11.142621694,
        23.529327638
    ]
}