{
    "benchmark": "Phase Estimator",
    "inputs": [
        10,
        11,
        12,
        13,
        14,
        15,
        16,
        17,
        18,
        19,
        20,
        21,
        22,
        23,
        24,
        25,
        26,
        27,
        28,
        29,
        30,
        31,
        32,
        33,
        34,
        35,
        36,
        37,
        38,
        39,
        40,
        41,
        42,
        43,
        44
    ],
    "next": 21,
    "timeout": 30,
    "n_qubits": [
        10,
        11,
        12,
        13,
        14,
        15,
        16,
        17,
        18,
        19,
        20,
        21,
        22,
        23,
        24,
        25,
        26,
        27,
        28,
        29,
        30
    ],
    "time": [
        0.001411352,
        0.00066442,
        0.000763519,
        0.000850781,
        0.000963046,
        0.001067839,
        0.001163009,
        0.001320161,
        0.001859153,
        0.002806526,
        0.005021015,
        0.015126683,
        0.035083585,
        0.073384587,
        0.154443281,
        0.328733422,
        0.696490627,
        1.483800457,
        3.140567819,
        6.6774229720000005,
        14.108258712
    ]
}