{
    "benchmark": "Phase Estimator",
    "inputs": [
        10,
        11,
        12,
        13,
        14,
        15,
        16,
        17,
        18,
        19,
        20,
        21,
        22,
        23,
        24,
        25,
        26,
        27,
        28,
        29,
        30,
        31,
        32,
        33,
        34,
        35,
        36,
        37,
        38,
        39,
        40,
        41,
        42,
        43,
        44
    ],
    "next": 21,
    "timeout": 30,
    "n_qubits": [
        10,
        11,
        12,
        13,
        14,
        15,
        16,
        17,
        18,
        19,
        20,
        21,
        22,
        23,
        24,
        25,
        26,
        27,
        28,
        29,
        30
    ],
    "time": [
        0.000872503,
        0.001030839,
        0.001119353,
        0.001273324,
        0.00156964,
        0.001803854,
        0.001983419,
        0.002721421,
        0.003749734,
        0.006095022,
        0.013339777,
        0.02988261,
        0.062107549,
        0.130780064,
        0.267339537,
        0.58071433,
        1.235981471,
        2.632987613,
        5.571921053,
        11.831798993,
        24.960033854
    ]
}