{
    "benchmark": "Phase Estimator",
    "inputs": [
        10,
        11,
        12,
        13,
        14,
        15,
        16,
        17,
        18,
        19,
        20,
        21,
        22,
        23,
        24,
        25,
        26,
        27,
        28,
        29,
        30,
        31,
        32,
        33,
        34,
        35,
        36,
        37,
        38,
        39,
        40,
        41,
        42,
        43,
        44
    ],
    "next": 20,
    "timeout": 30,
    "n_qubits": [
        10,
        11,
        12,
        13,
        14,
        15,
        16,
        17,
        18,
        19,
        20,
        21,
        22,
        23,
        24,
        25,
        26,
        27,
        28,
        29
    ],
    "time": [
        0.000808119,
        0.000923429,
        0.001039409,
        0.001444842,
        0.001771509,
        0.00245984,
        0.003516505,
        0.005513069,
        0.009668795,
        0.019363943,
        0.038978865,
        0.081212195,
        0.16273494,
        0.238950407,
        0.532519185,
        1.137566813,
        2.417306375,
        5.155153864,
        10.913992963,
        23.175553644
    ]
}