{
    "benchmark": "Phase Estimator",
    "inputs": [
        10,
        11,
        12,
        13,
        14,
        15,
        16,
        17,
        18,
        19,
        20,
        21,
        22,
        23,
        24,
        25,
        26,
        27,
        28,
        29,
        30,
        31,
        32,
        33,
        34,
        35,
        36,
        37,
        38,
        39,
        40,
        41,
        42,
        43,
        44
    ],
    "next": 20,
    "timeout": 30,
    "n_qubits": [
        10,
        11,
        12,
        13,
        14,
        15,
        16,
        17,
        18,
        19,
        20,
        21,
        22,
        23,
        24,
        25,
        26,
        27,
        28,
        29
    ],
    "time": [
        0.007594288,
        0.008866706,
        0.010007762,
        0.01154246,
        0.012680945,
        0.014313,
        0.015813132,
        0.017983359,
        0.021388436,
        0.027589756,
        0.041285314,
        0.070866246,
        0.118150446,
        0.210044914,
        0.338002119,
        0.701470251,
        1.37137261,
        2.383157036,
        4.937102818,
        8.280188055
    ]
}