{
    "benchmark": "Phase Estimator",
    "inputs": [
        10,
        11,
        12,
        13,
        14,
        15,
        16,
        17,
        18,
        19,
        20,
        21,
        22,
        23,
        24,
        25,
        26,
        27,
        28,
        29,
        30,
        31,
        32,
        33,
        34,
        35,
        36,
        37,
        38,
        39,
        40,
        41,
        42,
        43,
        44
    ],
    "next": 17,
    "timeout": 30,
    "n_qubits": [
        10,
        11,
        12,
        13,
        14,
        15,
        16,
        17,
        18,
        19,
        20,
        21,
        22,
        23,
        24,
        25,
        26
    ],
    "time": [
        0.006834882,
        0.008075219,
        0.00937695,
        0.010905354,
        0.012701434,
        0.015972709,
        0.022251919,
        0.033662474,
        0.057705091,
        0.105942995,
        0.177787658,
        0.345019642,
        0.641586508,
        1.404187562,
        3.086266083,
        6.569655907,
        14.115809717
    ]
}