{
    "benchmark": "Phase Estimator",
    "inputs": [
        10,
        11,
        12,
        13,
        14,
        15,
        16,
        17,
        18,
        19,
        20,
        21,
        22,
        23,
        24,
        25,
        26,
        27,
        28,
        29,
        30,
        31,
        32,
        33,
        34,
        35,
        36,
        37,
        38,
        39,
        40,
        41,
        42,
        43,
        44
    ],
    "next": 23,
    "timeout": 30,
    "n_qubits": [
        10,
        11,
        12,
        13,
        14,
        15,
        16,
        17,
        18,
        19,
        20,
        21,
        22,
        23,
        24,
        25,
        26,
        27,
        28,
        29,
        30,
        31,
        32
    ],
    "time": [
        0.002259904,
        0.000813095,
        0.000900013,
        0.000999108,
        0.001131522,
        0.001257928,
        0.001366549,
        0.001519248,
        0.001697187,
        0.001884845,
        0.00252698,
        0.003909304,
        0.007188922,
        0.020423468,
        0.045273978,
        0.093745615,
        0.195397781,
        0.411715666,
        0.865170828,
        1.827134171,
        3.840188544,
        8.104441536,
        17.028461367
    ]
}