{
    "benchmark": "Phase Estimator",
    "inputs": [
        10,
        11,
        12,
        13,
        14,
        15,
        16,
        17,
        18,
        19,
        20,
        21,
        22,
        23,
        24,
        25,
        26,
        27,
        28,
        29,
        30,
        31,
        32,
        33,
        34,
        35,
        36,
        37,
        38,
        39,
        40,
        41,
        42,
        43,
        44
    ],
    "next": 20,
    "timeout": 30,
    "n_qubits": [
        10,
        11,
        12,
        13,
        14,
        15,
        16,
        17,
        18,
        19,
        20,
        21,
        22,
        23,
        24,
        25,
        26,
        27,
        28,
        29
    ],
    "time": [
        0.001129782,
        0.031021829,
        0.00145349,
        0.001653073,
        0.00182246,
        0.002043557,
        0.002284217,
        0.002506909,
        0.002699694,
        0.003560556,
        0.008370519,
        0.017066346,
        0.034454183,
        0.072227687,
        0.151952838,
        0.324245211,
        0.688650136,
        1.465798167,
        3.102125256,
        6.5913491969999995
    ]
}