{
    "benchmark": "Phase Estimator",
    "inputs": [
        10,
        11,
        12,
        13,
        14,
        15,
        16,
        17,
        18,
        19,
        20,
        21,
        22,
        23,
        24,
        25,
        26,
        27,
        28,
        29,
        30,
        31,
        32,
        33,
        34,
        35,
        36,
        37,
        38,
        39,
        40,
        41,
        42,
        43,
        44
    ],
    "next": 22,
    "timeout": 30,
    "n_qubits": [
        10,
        11,
        12,
        13,
        14,
        15,
        16,
        17,
        18,
        19,
        20,
        21,
        22,
        23,
        24,
        25,
        26,
        27,
        28,
        29,
        30,
        31
    ],
    "time": [
        0.001403759,
        0.00066887,
        0.000761229,
        0.00084695,
        0.000938996,
        0.001054059,
        0.001158527,
        0.001271773,
        0.001454404,
        0.002041034,
        0.003005783,
        0.00557418,
        0.016552003,
        0.037808703,
        0.078326318,
        0.165197919,
        0.348322513,
        0.740368933,
        1.564386411,
        3.3209840440000002,
        7.015860541,
        14.865944669
    ]
}