{
    "benchmark": "Phase Estimator",
    "inputs": [
        10,
        11,
        12,
        13,
        14,
        15,
        16,
        17,
        18,
        19,
        20,
        21,
        22,
        23,
        24,
        25,
        26,
        27,
        28,
        29,
        30,
        31,
        32,
        33,
        34,
        35,
        36,
        37,
        38,
        39,
        40,
        41,
        42,
        43,
        44
    ],
    "next": 19,
    "timeout": 30,
    "n_qubits": [
        10,
        11,
        12,
        13,
        14,
        15,
        16,
        17,
        18,
        19,
        20,
        21,
        22,
        23,
        24,
        25,
        26,
        27,
        28
    ],
    "time": [
        0.004667316,
        0.005478143,
        0.006233221,
        0.007257318,
        0.008300558,
        0.009599995,
        0.011849851,
        0.015481441,
        0.022272049,
        0.03580272,
        0.064105884,
        0.121786889,
        0.243784588,
        0.508521769,
        1.075500497,
        2.300932585,
        4.9302006689999995,
        10.602669724,
        22.70824091
    ]
}