{
    "benchmark": "Phase Estimator",
    "inputs": [
        10,
        11,
        12,
        13,
        14,
        15,
        16,
        17,
        18,
        19,
        20,
        21,
        22,
        23,
        24,
        25,
        26,
        27,
        28,
        29,
        30,
        31,
        32,
        33,
        34,
        35,
        36,
        37,
        38,
        39,
        40,
        41,
        42,
        43,
        44
    ],
    "next": 20,
    "timeout": 30,
    "n_qubits": [
        10,
        11,
        12,
        13,
        14,
        15,
        16,
        17,
        18,
        19,
        20,
        21,
        22,
        23,
        24,
        25,
        26,
        27,
        28,
        29
    ],
    "time": [
        0.005552759,
        0.006394105,
        0.007787749,
        0.008242497,
        0.009306296,
        0.010335305,
        0.011559407,
        0.013142245,
        0.015798352,
        0.022283039,
        0.038487597,
        0.067441486,
        0.128465306,
        0.241827042,
        0.39508546,
        0.839000955,
        1.635889082,
        2.884363203,
        6.015460617,
        10.150298616
    ]
}