{
    "benchmark": "Phase Estimator",
    "inputs": [
        10,
        11,
        12,
        13,
        14,
        15,
        16,
        17,
        18,
        19,
        20,
        21,
        22,
        23,
        24,
        25,
        26,
        27,
        28,
        29,
        30,
        31,
        32,
        33,
        34,
        35,
        36,
        37,
        38,
        39,
        40,
        41,
        42,
        43,
        44
    ],
    "next": 21,
    "timeout": 30,
    "n_qubits": [
        10,
        11,
        12,
        13,
        14,
        15,
        16,
        17,
        18,
        19,
        20,
        21,
        22,
        23,
        24,
        25,
        26,
        27,
        28,
        29,
        30
    ],
    "time": [
        0.000489919,
        0.000852885,
        0.000874127,
        0.001037169,
        0.001134341,
        0.001242672,
        0.001345214,
        0.001505737,
        0.001906673,
        0.002357971,
        0.005732631,
        0.012177655,
        0.025492499,
        0.05270931,
        0.11002933,
        0.234331772,
        0.496685988,
        1.055983291,
        2.234678356,
        4.738801713,
        9.986250961
    ]
}