{
    "benchmark": "Phase Estimator",
    "inputs": [
        10,
        11,
        12,
        13,
        14,
        15,
        16,
        17,
        18,
        19,
        20,
        21,
        22,
        23,
        24,
        25,
        26,
        27,
        28,
        29,
        30,
        31,
        32,
        33,
        34,
        35,
        36,
        37,
        38,
        39,
        40,
        41,
        42,
        43,
        44
    ],
    "next": 22,
    "timeout": 30,
    "n_qubits": [
        10,
        11,
        12,
        13,
        14,
        15,
        16,
        17,
        18,
        19,
        20,
        21,
        22,
        23,
        24,
        25,
        26,
        27,
        28,
        29,
        30,
        31
    ],
    "time": [
        0.000716783,
        0.000827274,
        0.000907206,
        0.001077409,
        0.00112982,
        0.001374645,
        0.001496506,
        0.001647458,
        0.002445443,
        0.002142147,
        0.00501694,
        0.014407645,
        0.029537905,
        0.061974181,
        0.13050779,
        0.277959761,
        0.588860765,
        1.255004065,
        2.655694373,
        5.641731382,
        11.914463843,
        25.254797369
    ]
}