{
    "benchmark": "Phase Estimator",
    "inputs": [
        10,
        11,
        12,
        13,
        14,
        15,
        16,
        17,
        18,
        19,
        20,
        21,
        22,
        23,
        24,
        25,
        26,
        27,
        28,
        29,
        30,
        31,
        32,
        33,
        34,
        35,
        36,
        37,
        38,
        39,
        40,
        41,
        42,
        43,
        44
    ],
    "next": 19,
    "timeout": 30,
    "n_qubits": [
        10,
        11,
        12,
        13,
        14,
        15,
        16,
        17,
        18,
        19,
        20,
        21,
        22,
        23,
        24,
        25,
        26,
        27,
        28
    ],
    "time": [
        0.00774716,
        0.008999641,
        0.01020715,
        0.011631821,
        0.01306717,
        0.014637107,
        0.016886179,
        0.021010272,
        0.028082335,
        0.043294839,
        0.217866795,
        0.13327223,
        0.263370319,
        0.527921318,
        1.119408788,
        2.404190578,
        5.089657464,
        10.809618221,
        23.08047547
    ]
}