{
    "benchmark": "Phase Estimator",
    "inputs": [
        10,
        11,
        12,
        13,
        14,
        15,
        16,
        17,
        18,
        19,
        20,
        21,
        22,
        23,
        24,
        25,
        26,
        27,
        28,
        29,
        30,
        31,
        32,
        33,
        34,
        35,
        36,
        37,
        38,
        39,
        40,
        41,
        42,
        43,
        44
    ],
    "next": 21,
    "timeout": 30,
    "n_qubits": [
        10,
        11,
        12,
        13,
        14,
        15,
        16,
        17,
        18,
        19,
        20,
        21,
        22,
        23,
        24,
        25,
        26,
        27,
        28,
        29,
        30
    ],
    "time": [
        0.000511385,
        0.000861316,
        0.001003851,
        0.001049598,
        0.001169397,
        0.001314361,
        0.001434205,
        0.001794459,
        0.00234128,
        0.003376196,
        0.006426024,
        0.012075651,
        0.023422212,
        0.048069561,
        0.099691537,
        0.198728878,
        0.409340128,
        0.872780183,
        1.852319134,
        3.933278962,
        8.347248985
    ]
}