{
    "benchmark": "Shor's Algorithm",
    "inputs": [
        8,
        10,
        12,
        14,
        16,
        18,
        20,
        22,
        24,
        26,
        28,
        30,
        32,
        34,
        36,
        38,
        40,
        42,
        44,
        46
    ],
    "next": 20,
    "timeout": 30,
    "n_qubits": [
        8,
        10,
        12,
        14,
        16,
        18,
        20,
        22,
        24,
        26,
        28,
        30,
        32,
        34,
        36,
        38,
        40,
        42,
        44,
        46
    ],
    "time": [
        0.002668672,
        0.003377807,
        0.004143009,
        0.004906496,
        0.005790047,
        0.006955044,
        0.008125893,
        0.009728564,
        0.01153987,
        0.01310713,
        0.021674713,
        0.023127494,
        0.029297487,
        0.044778425,
        0.081173224,
        0.189770575,
        0.308056539,
        0.683012017,
        1.172482798,
        3.664594141
    ]
}