{
    "benchmark": "Shor's Algorithm",
    "inputs": [
        8,
        10,
        12,
        14,
        16,
        18,
        20,
        22,
        24,
        26,
        28,
        30,
        32,
        34,
        36,
        38,
        40,
        42,
        44,
        46
    ],
    "next": 20,
    "timeout": 30,
    "n_qubits": [
        8,
        10,
        12,
        14,
        16,
        18,
        20,
        22,
        24,
        26,
        28,
        30,
        32,
        34,
        36,
        38,
        40,
        42,
        44,
        46
    ],
    "time": [
        0.001900758,
        0.002353757,
        0.00286886,
        0.003360248,
        0.003972377,
        0.004608447,
        0.005323281,
        0.00619645,
        0.007235825,
        0.008295579,
        0.010873866,
        0.013352569,
        0.017810664,
        0.027705714,
        0.04268487,
        0.08767716,
        0.15672703,
        0.289484073,
        0.533676266,
        1.237031901
    ]
}