{
    "benchmark": "Shor's Algorithm",
    "inputs": [
        8,
        10,
        12,
        14,
        16,
        18,
        20,
        22,
        24,
        26,
        28,
        30,
        32,
        34,
        36,
        38,
        40,
        42,
        44,
        46
    ],
    "next": 20,
    "timeout": 30,
    "n_qubits": [
        8,
        10,
        12,
        14,
        16,
        18,
        20,
        22,
        24,
        26,
        28,
        30,
        32,
        34,
        36,
        38,
        40,
        42,
        44,
        46
    ],
    "time": [
        0.002771889,
        0.003494456,
        0.004131733,
        0.004919924,
        0.00574024,
        0.006596094,
        0.007680185,
        0.008949168,
        0.010443167,
        0.011943977,
        0.016040491,
        0.019270519,
        0.024413867,
        0.037171413,
        0.057324116,
        0.137568251,
        0.226377106,
        0.514619496,
        0.9782024,
        2.454660956
    ]
}