{
    "benchmark": "Shor's Algorithm",
    "inputs": [
        8,
        10,
        12,
        14,
        16,
        18,
        20,
        22,
        24,
        26,
        28,
        30,
        32,
        34,
        36,
        38,
        40,
        42,
        44,
        46
    ],
    "next": 11,
    "timeout": 30,
    "n_qubits": [
        8,
        10,
        12,
        14,
        16,
        18,
        20,
        22,
        24,
        26,
        28
    ],
    "time": [
        0.000531306,
        0.000513777,
        0.000891902,
        0.00091198,
        0.00103071,
        0.001615978,
        0.003727205,
        0.011751102,
        0.048561092,
        0.216432588,
        0.936967878
    ]
}