{
    "benchmark": "Shor's Algorithm",
    "inputs": [
        8,
        10,
        12,
        14,
        16,
        18,
        20,
        22,
        24,
        26,
        28,
        30,
        32,
        34,
        36,
        38,
        40,
        42,
        44,
        46
    ],
    "next": 20,
    "timeout": 30,
    "n_qubits": [
        8,
        10,
        12,
        14,
        16,
        18,
        20,
        22,
        24,
        26,
        28,
        30,
        32,
        34,
        36,
        38,
        40,
        42,
        44,
        46
    ],
    "time": [
        0.003295885,
        0.004023157,
        0.00509491,
        0.005884688,
        0.006998898,
        0.014998703,
        0.009286734,
        0.010675413,
        0.012284961,
        0.014430563,
        0.017499738,
        0.020730813,
        0.025531247,
        0.036380908,
        0.056680021,
        0.103187317,
        0.181477626,
        0.41371403,
        1.079199027,
        1.786430449
    ]
}