{
    "benchmark": "Shor's Algorithm",
    "inputs": [
        8,
        10,
        12,
        14,
        16,
        18,
        20,
        22,
        24,
        26,
        28,
        30,
        32,
        34,
        36,
        38,
        40,
        42,
        44,
        46
    ],
    "next": 20,
    "timeout": 30,
    "n_qubits": [
        8,
        10,
        12,
        14,
        16,
        18,
        20,
        22,
        24,
        26,
        28,
        30,
        32,
        34,
        36,
        38,
        40,
        42,
        44,
        46
    ],
    "time": [
        0.002340332,
        0.002980482,
        0.005422705,
        0.004330186,
        0.00510989,
        0.005969542,
        0.006777066,
        0.008029579,
        0.009207318,
        0.010592173,
        0.013649884,
        0.016517304,
        0.020686145,
        0.031504261,
        0.052172226,
        0.103252896,
        0.185949747,
        0.402713486,
        0.705353916,
        2.042932404
    ]
}