{
    "benchmark": "Shor's Algorithm",
    "inputs": [
        8,
        10,
        12,
        14,
        16,
        18,
        20,
        22,
        24,
        26,
        28,
        30,
        32,
        34,
        36,
        38,
        40,
        42,
        44,
        46
    ],
    "next": 20,
    "timeout": 30,
    "n_qubits": [
        8,
        10,
        12,
        14,
        16,
        18,
        20,
        22,
        24,
        26,
        28,
        30,
        32,
        34,
        36,
        38,
        40,
        42,
        44,
        46
    ],
    "time": [
        0.001886462,
        0.003117145,
        0.003775484,
        0.004472067,
        0.005223037,
        0.006014764,
        0.006914435,
        0.007939969,
        0.009133285,
        0.010359746,
        0.013288526,
        0.016071028,
        0.020347694,
        0.030237795,
        0.047376915,
        0.085820083,
        0.144713922,
        0.285828511,
        0.515430997,
        1.170164228
    ]
}