{
    "benchmark": "Shor's Algorithm",
    "inputs": [
        8,
        10,
        12,
        14,
        16,
        18,
        20,
        22,
        24,
        26,
        28,
        30,
        32,
        34,
        36,
        38,
        40,
        42,
        44,
        46
    ],
    "next": 12,
    "timeout": 30,
    "n_qubits": [
        8,
        10,
        12,
        14,
        16,
        18,
        20,
        22,
        24,
        26,
        28,
        30
    ],
    "time": [
        0.000528709,
        0.000476968,
        0.000742822,
        0.000874936,
        0.000955636,
        0.001388805,
        0.003622854,
        0.013789475,
        0.057543272,
        0.25570035,
        1.149024955,
        4.954813624
    ]
}