{
    "benchmark": "Shor's Algorithm",
    "inputs": [
        8,
        10,
        12,
        14,
        16,
        18,
        20,
        22,
        24,
        26,
        28,
        30,
        32,
        34,
        36,
        38,
        40,
        42,
        44,
        46
    ],
    "next": 12,
    "timeout": 30,
    "n_qubits": [
        8,
        10,
        12,
        14,
        16,
        18,
        20,
        22,
        24,
        26,
        28,
        30
    ],
    "time": [
        0.000410566,
        0.000385093,
        0.000529449,
        0.000599197,
        0.000736432,
        0.001104214,
        0.002416156,
        0.008866717,
        0.038006692,
        0.167239737,
        0.763038408,
        3.358737839
    ]
}