{
    "benchmark": "Shor's Algorithm",
    "inputs": [
        8,
        10,
        12,
        14,
        16,
        18,
        20,
        22,
        24,
        26,
        28,
        30,
        32,
        34,
        36,
        38,
        40,
        42,
        44,
        46
    ],
    "next": 10,
    "timeout": 30,
    "n_qubits": [
        8,
        10,
        12,
        14,
        16,
        18,
        20,
        22,
        24,
        26
    ],
    "time": [
        0.000435874,
        0.000521162,
        0.000704251,
        0.000763468,
        0.001719709,
        0.008078365,
        0.035803276,
        0.153377181,
        0.681402081,
        2.985195171
    ]
}