{
    "benchmark": "Shor's Algorithm",
    "inputs": [
        8,
        10,
        12,
        14,
        16,
        18,
        20,
        22,
        24,
        26,
        28,
        30,
        32,
        34,
        36,
        38,
        40,
        42,
        44,
        46
    ],
    "next": 20,
    "timeout": 30,
    "n_qubits": [
        8,
        10,
        12,
        14,
        16,
        18,
        20,
        22,
        24,
        26,
        28,
        30,
        32,
        34,
        36,
        38,
        40,
        42,
        44,
        46
    ],
    "time": [
        0.002410314,
        0.003008114,
        0.003711497,
        0.004330587,
        0.005076421,
        0.005843325,
        0.006686879,
        0.007836189,
        0.008846818,
        0.010196472,
        0.012722157,
        0.021374652,
        0.020258632,
        0.029950845,
        0.046303248,
        0.086583098,
        0.157391672,
        0.324579001,
        0.614999751,
        1.467112681
    ]
}