{
    "benchmark": "Shor's Algorithm",
    "inputs": [
        8,
        10,
        12,
        14,
        16,
        18,
        20,
        22,
        24,
        26,
        28,
        30,
        32,
        34,
        36,
        38,
        40,
        42,
        44,
        46
    ],
    "next": 11,
    "timeout": 30,
    "n_qubits": [
        8,
        10,
        12,
        14,
        16,
        18,
        20,
        22,
        24,
        26,
        28
    ],
    "time": [
        0.000483278,
        0.000583163,
        0.00084664,
        0.000985894,
        0.001409682,
        0.002547609,
        0.008460751,
        0.033860959,
        0.1536025,
        0.59387403,
        2.499581689
    ]
}