{
    "benchmark": "Shor's Algorithm",
    "inputs": [
        8,
        10,
        12,
        14,
        16,
        18,
        20,
        22,
        24,
        26,
        28,
        30,
        32,
        34,
        36,
        38,
        40,
        42,
        44,
        46
    ],
    "next": 20,
    "timeout": 30,
    "n_qubits": [
        8,
        10,
        12,
        14,
        16,
        18,
        20,
        22,
        24,
        26,
        28,
        30,
        32,
        34,
        36,
        38,
        40,
        42,
        44,
        46
    ],
    "time": [
        0.00321984,
        0.004071824,
        0.005002413,
        0.007097041,
        0.006791612,
        0.008211226,
        0.009182151,
        0.010989421,
        0.012614172,
        0.014764782,
        0.018809009,
        0.027513677,
        0.028611264,
        0.04340312,
        0.069217404,
        0.133173321,
        0.245547729,
        0.510370879,
        0.906066022,
        2.263572558
    ]
}