{
    "benchmark": "Shor's Algorithm",
    "inputs": [
        8,
        10,
        12,
        14,
        16,
        18,
        20,
        22,
        24,
        26,
        28,
        30,
        32,
        34,
        36,
        38,
        40,
        42,
        44,
        46
    ],
    "next": 20,
    "timeout": 30,
    "n_qubits": [
        8,
        10,
        12,
        14,
        16,
        18,
        20,
        22,
        24,
        26,
        28,
        30,
        32,
        34,
        36,
        38,
        40,
        42,
        44,
        46
    ],
    "time": [
        0.001887919,
        0.002331029,
        0.002825979,
        0.003372098,
        0.004009258,
        0.004641444,
        0.005409086,
        0.006345545,
        0.007539742,
        0.008551202,
        0.011635336,
        0.014455075,
        0.020001851,
        0.030238043,
        0.04987499,
        0.110499046,
        0.182554961,
        0.398504271,
        0.683268157,
        1.74465906
    ]
}