{
    "benchmark": "Shor's Algorithm",
    "inputs": [
        8,
        10,
        12,
        14,
        16,
        18,
        20,
        22,
        24,
        26,
        28,
        30,
        32,
        34,
        36,
        38,
        40,
        42,
        44,
        46
    ],
    "next": 20,
    "timeout": 30,
    "n_qubits": [
        8,
        10,
        12,
        14,
        16,
        18,
        20,
        22,
        24,
        26,
        28,
        30,
        32,
        34,
        36,
        38,
        40,
        42,
        44,
        46
    ],
    "time": [
        0.001874795,
        0.003134308,
        0.003821033,
        0.004468977,
        0.005324489,
        0.006038472,
        0.006966343,
        0.008196794,
        0.00937197,
        0.010579188,
        0.014062279,
        0.016956931,
        0.021262567,
        0.031642834,
        0.050145565,
        0.104789452,
        0.170908435,
        0.360884083,
        0.622231201,
        1.541958289
    ]
}